{
	"credit": "Made with Blockbench",
	"textures": {
		"0": "block/LernoFF",
		"1": "block/tail2",
		"particle": "block/LernoFF"
	},
	"elements": [
		{
			"name": "head",
			"from": [4, 14, 6],
			"to": [12, 22, 14],
			"rotation": {"angle": 0, "axis": "y", "origin": [7, 25.75, 13.5]},
			"faces": {
				"north": {"uv": [2, 2, 4, 4], "texture": "#0"},
				"east": {"uv": [0.25, 2, 2.25, 4], "texture": "#0"},
				"south": {"uv": [6, 2, 8, 4], "texture": "#0"},
				"west": {"uv": [4, 2, 6, 4], "texture": "#0"},
				"up": {"uv": [2, 0, 4, 2], "texture": "#0"},
				"down": {"uv": [4, 0, 6, 2], "texture": "#0"}
			}
		},
		{
			"name": "head2",
			"from": [3.5, 13.5, 5.5],
			"to": [12.5, 22.5, 14.5],
			"rotation": {"angle": 0, "axis": "y", "origin": [7, 25.75, 13.5]},
			"faces": {
				"north": {"uv": [10, 2, 12, 4], "texture": "#0"},
				"east": {"uv": [8, 2, 10, 4], "texture": "#0"},
				"south": {"uv": [14, 2, 16, 4], "texture": "#0"},
				"west": {"uv": [12, 2, 14, 4], "texture": "#0"},
				"up": {"uv": [10, 0, 12, 2], "texture": "#0"},
				"down": {"uv": [12, 0, 14, 2], "texture": "#0"}
			}
		},
		{
			"name": "left_ear",
			"from": [0, 22, 10],
			"to": [8, 30, 10],
			"rotation": {"angle": 0, "axis": "y", "origin": [9, 25.75, 13.5]},
			"faces": {
				"north": {"uv": [8, 0, 6, 2], "texture": "#0"},
				"south": {"uv": [16, 7.25, 14, 9.25], "rotation": 90, "texture": "#0"}
			}
		},
		{
			"name": "left_ear2",
			"from": [2, 18.001, 10],
			"to": [4, 22.001, 10],
			"rotation": {"angle": 0, "axis": "z", "origin": [3.5, 21, 10]},
			"faces": {
				"north": {"uv": [10, 8, 11, 8.5], "rotation": 270, "texture": "#0"},
				"south": {"uv": [14.5, 8.25, 14, 8.75], "rotation": 180, "texture": "#0"}
			}
		},
		{
			"name": "nose",
			"from": [5.5, 14, 4],
			"to": [10.5, 17, 6],
			"rotation": {"angle": 0, "axis": "y", "origin": [7, 25.75, 13.5]},
			"faces": {
				"north": {"uv": [0, 0.5, 1.25, 1.25], "texture": "#0"},
				"east": {"uv": [1.75, 0, 2, 0.75], "texture": "#0"},
				"south": {"uv": [0, 0, 1.25, 0.75], "texture": "#0"},
				"west": {"uv": [1.75, 0, 2, 0.75], "texture": "#0"},
				"up": {"uv": [0, 0, 1.25, 0.5], "texture": "#0"},
				"down": {"uv": [0, 1.75, 1.25, 1.25], "texture": "#0"}
			}
		},
		{
			"name": "right_ear",
			"from": [12, 18.001, 10],
			"to": [14, 22.001, 10],
			"rotation": {"angle": 0, "axis": "z", "origin": [12.5, 21, 10]},
			"faces": {
				"north": {"uv": [10, 8.5, 11, 8], "rotation": 270, "texture": "#0"},
				"south": {"uv": [14, 8.25, 14.5, 8.75], "rotation": 180, "texture": "#0"}
			}
		},
		{
			"name": "right_ear",
			"from": [8, 22, 10],
			"to": [16, 30, 10],
			"rotation": {"angle": 0, "axis": "y", "origin": [7, 25.75, 13.5]},
			"faces": {
				"north": {"uv": [6, 0, 8, 2], "texture": "#0"},
				"south": {"uv": [16, 9.25, 14, 7.25], "rotation": 90, "texture": "#0"}
			}
		},
		{
			"name": "body",
			"from": [4, 6, 8],
			"to": [12, 17, 12],
			"rotation": {"angle": -22.5, "axis": "x", "origin": [7, 17.75, 17.5]},
			"faces": {
				"north": {"uv": [5, 5, 7, 8], "texture": "#0"},
				"east": {"uv": [4, 5, 5, 8], "texture": "#0"},
				"south": {"uv": [8, 5, 9.75, 8], "texture": "#0"},
				"west": {"uv": [7, 5, 8, 8], "texture": "#0"},
				"up": {"uv": [5, 4, 7, 5], "texture": "#0"},
				"down": {"uv": [7, 4, 9, 5], "texture": "#0"}
			}
		},
		{
			"name": "body2",
			"from": [3.25, 5.25, 7.25],
			"to": [12.75, 17.75, 12.75],
			"rotation": {"angle": -22.5, "axis": "x", "origin": [7, 17.75, 17.5]},
			"faces": {
				"north": {"uv": [5, 9, 7, 12], "texture": "#0"},
				"east": {"uv": [4, 9, 5, 12], "texture": "#0"},
				"south": {"uv": [8, 9, 9.75, 12], "texture": "#0"},
				"west": {"uv": [7, 9, 8, 12], "texture": "#0"},
				"up": {"uv": [5, 8, 7, 9], "texture": "#0"},
				"down": {"uv": [7, 8, 9, 9], "texture": "#0"}
			}
		},
		{
			"name": "tail",
			"from": [8, 5, 12],
			"to": [8, 19, 30],
			"rotation": {"angle": -22.5, "axis": "x", "origin": [7, 17.75, 17.5]},
			"faces": {
				"north": {"uv": [0, 0, 0, 14], "texture": "#1"},
				"east": {"uv": [16, 1, 0, 15], "texture": "#1"},
				"south": {"uv": [0, 0, 0, 14], "texture": "#1"},
				"west": {"uv": [0, 1, 16, 15], "texture": "#1"},
				"up": {"uv": [0, 0, 0, 16], "texture": "#1"},
				"down": {"uv": [0, 0, 0, 16], "texture": "#1"}
			}
		},
		{
			"name": "left_arm",
			"from": [8.62151, 1.06985, 7],
			"to": [12.62151, 12.06985, 11],
			"rotation": {"angle": -22.5, "axis": "z", "origin": [10.62151, 6.56985, 7]},
			"faces": {
				"north": {"uv": [10, 13, 9, 16], "texture": "#0"},
				"east": {"uv": [11, 13, 10, 16], "texture": "#0"},
				"south": {"uv": [12, 13, 11, 16], "texture": "#0"},
				"west": {"uv": [9, 13, 8, 16], "texture": "#0"},
				"up": {"uv": [10, 12, 9, 13], "texture": "#0"},
				"down": {"uv": [11, 12, 10, 13], "texture": "#0"}
			}
		},
		{
			"name": "left_arm2",
			"from": [8.37151, 0.81985, 6.75],
			"to": [12.87151, 12.31985, 11.25],
			"rotation": {"angle": -22.5, "axis": "z", "origin": [10.62151, 6.56985, 7]},
			"faces": {
				"north": {"uv": [14.25, 13, 13.25, 16], "texture": "#0"},
				"east": {"uv": [15, 13, 14, 16], "texture": "#0"},
				"south": {"uv": [16, 13, 15, 16], "texture": "#0"},
				"west": {"uv": [13, 13, 12, 16], "texture": "#0"},
				"up": {"uv": [14, 12, 13, 13], "texture": "#0"},
				"down": {"uv": [15, 12, 14, 13], "texture": "#0"}
			}
		},
		{
			"name": "right_arm",
			"from": [3.37849, 1.06985, 7],
			"to": [7.37849, 12.06985, 11],
			"rotation": {"angle": 22.5, "axis": "z", "origin": [5.37849, 6.56985, 7]},
			"faces": {
				"north": {"uv": [9, 13, 10, 16], "texture": "#0"},
				"east": {"uv": [8, 13, 9, 16], "texture": "#0"},
				"south": {"uv": [11, 13, 12, 16], "texture": "#0"},
				"west": {"uv": [10, 13, 11, 16], "texture": "#0"},
				"up": {"uv": [9, 12, 10, 13], "texture": "#0"},
				"down": {"uv": [10, 12, 11, 13], "texture": "#0"}
			}
		},
		{
			"name": "right_arm2",
			"from": [3.12849, 0.81985, 6.75],
			"to": [7.62849, 12.31985, 11.25],
			"rotation": {"angle": 22.5, "axis": "z", "origin": [5.37849, 6.56985, 7]},
			"faces": {
				"north": {"uv": [13.25, 13, 14.25, 16], "texture": "#0"},
				"east": {"uv": [12, 13, 13, 16], "texture": "#0"},
				"south": {"uv": [15, 13, 16, 16], "texture": "#0"},
				"west": {"uv": [14, 13, 15, 16], "texture": "#0"},
				"up": {"uv": [13, 12, 14, 13], "texture": "#0"},
				"down": {"uv": [14, 12, 15, 13], "texture": "#0"}
			}
		},
		{
			"name": "right_leg",
			"from": [10, 0.5, 3.5],
			"to": [14, 4.5, 14.5],
			"rotation": {"angle": -22.5, "axis": "y", "origin": [8, 2.5, 12]},
			"faces": {
				"north": {"uv": [2, 4, 3, 5], "rotation": 180, "texture": "#0"},
				"east": {"uv": [0, 5, 1, 8], "rotation": 270, "texture": "#0"},
				"south": {"uv": [1, 4, 2, 5], "texture": "#0"},
				"west": {"uv": [2, 5, 3, 8], "rotation": 90, "texture": "#0"},
				"up": {"uv": [1, 5, 2, 8], "rotation": 180, "texture": "#0"},
				"down": {"uv": [3, 5, 4, 8], "texture": "#0"}
			}
		},
		{
			"name": "right_leg2",
			"from": [9.75, 0.25, 3.25],
			"to": [14.25, 4.75, 14.75],
			"rotation": {"angle": -22.5, "axis": "y", "origin": [8, 2.5, 12]},
			"faces": {
				"north": {"uv": [2, 8, 3, 9], "rotation": 180, "texture": "#0"},
				"east": {"uv": [0, 9, 1, 12], "rotation": 270, "texture": "#0"},
				"south": {"uv": [1, 8, 2, 9], "texture": "#0"},
				"west": {"uv": [2, 9, 3, 12], "rotation": 90, "texture": "#0"},
				"up": {"uv": [1, 9, 2, 12], "rotation": 180, "texture": "#0"},
				"down": {"uv": [3, 9, 4, 12], "texture": "#0"}
			}
		},
		{
			"name": "left_leg",
			"from": [2, 0.5, 3.5],
			"to": [6, 4.5, 14.5],
			"rotation": {"angle": 22.5, "axis": "y", "origin": [8, 2.5, 12]},
			"faces": {
				"north": {"uv": [3, 4, 2, 5], "rotation": 180, "texture": "#0"},
				"east": {"uv": [2, 8, 3, 5], "rotation": 90, "texture": "#0"},
				"south": {"uv": [2, 4, 1, 5], "texture": "#0"},
				"west": {"uv": [0, 8, 1, 5], "rotation": 270, "texture": "#0"},
				"up": {"uv": [2, 5, 1, 8], "rotation": 180, "texture": "#0"},
				"down": {"uv": [4, 5, 3, 8], "texture": "#0"}
			}
		},
		{
			"name": "left_leg2",
			"from": [1.75, 0.25, 3.25],
			"to": [6.25, 4.75, 14.75],
			"rotation": {"angle": 22.5, "axis": "y", "origin": [8, 2.5, 12]},
			"faces": {
				"north": {"uv": [3, 8, 2, 9], "rotation": 180, "texture": "#0"},
				"east": {"uv": [2, 12, 3, 9], "rotation": 90, "texture": "#0"},
				"south": {"uv": [2, 8, 1, 9], "texture": "#0"},
				"west": {"uv": [0, 12, 1, 9], "rotation": 270, "texture": "#0"},
				"up": {"uv": [2, 9, 1, 12], "rotation": 180, "texture": "#0"},
				"down": {"uv": [4, 9, 3, 12], "texture": "#0"}
			}
		}
	],
	"display": {
		"thirdperson_righthand": {
			"rotation": [15.25, 45, 0],
			"translation": [-1.25, 3, 0.25],
			"scale": [0.375, 0.375, 0.375]
		},
		"thirdperson_lefthand": {
			"rotation": [15.25, 45, 0],
			"translation": [-1.25, 3, 0.25],
			"scale": [0.375, 0.375, 0.375]
		},
		"firstperson_righthand": {
			"rotation": [0, 115, 0],
			"translation": [1.25, 0, 0],
			"scale": [0.4, 0.4, 0.4]
		},
		"firstperson_lefthand": {
			"rotation": [0, 115, 0],
			"translation": [1.5, 0, 0],
			"scale": [0.4, 0.4, 0.4]
		},
		"ground": {
			"translation": [0, 2, 0],
			"scale": [0.5, 0.5, 0.5]
		},
		"gui": {
			"rotation": [30, -140, 0],
			"translation": [1.75, -2.3, 0],
			"scale": [0.55, 0.55, 0.55]
		},
		"head": {
			"translation": [0, 14.25, -3]
		},
		"fixed": {
			"rotation": [-90, 0, 0],
			"translation": [0, -4, -7.75]
		}
	},
	"groups": [
		{
			"name": "h",
			"origin": [8, 8, 8],
			"color": 0,
			"children": [0, 1, 2, 2, 3, 4, 4, 5, 5, 6, 7]
		},
		{
			"name": "b",
			"origin": [8, 8, 8],
			"color": 0,
			"children": [7, 8, 9]
		},
		{
			"name": "arms",
			"origin": [8, 8, 8],
			"color": 0,
			"children": [
				{
					"name": "l_a",
					"origin": [8, 8, 8],
					"color": 0,
					"children": [10, 11]
				},
				{
					"name": "r_a",
					"origin": [8, 8, 8],
					"color": 0,
					"children": [12, 13]
				}
			]
		},
		{
			"name": "legs",
			"origin": [8, 8, 8],
			"color": 0,
			"children": [
				{
					"name": "r_l",
					"origin": [8, 8, 8],
					"color": 0,
					"children": [14, 15]
				},
				{
					"name": "l_l",
					"origin": [8, 8, 8],
					"color": 0,
					"children": [16, 17]
				}
			]
		}
	]
}